username,password
admin@venus.com,pass
paulaguilar@venus.com,pass
jonoliver@venus.com,pass
claudinezhang@venus.com,pass
lovelinkumar@venus.com,pass
michelkouame@venus.com,pass
angelinacosta@venus.com,pass
brijeshgupta@venus.com,pass
amyfofana@venus.com,pass
testuser@venus.com,pass
CczVsH@venus.com,pass
taHbqH@venus.com,pass
RKfCnW@venus.com,pass
BAKyTt@venus.com,pass
LqHwZl@venus.com,pass
RdXrFh@venus.com,pass
cNLaqh@venus.com,pass
dTXgbH@venus.com,pass
BuNihp@venus.com,pass
BsxpAT@venus.com,pass
uBqDfq@venus.com,pass
rDtlkX@venus.com,pass
tCYSiY@venus.com,pass
CDaxNR@venus.com,pass
FhMzbH@venus.com,pass
nqjDJe@venus.com,pass
fcUEfX@venus.com,pass
KGtRGD@venus.com,pass
AHvFHP@venus.com,pass
POWkne@venus.com,pass
rypAba@venus.com,pass
tuRaYv@venus.com,pass
OyLQkY@venus.com,pass
glNUJz@venus.com,pass
pUzdXk@venus.com,pass
HikunH@venus.com,pass
BqKiDW@venus.com,pass
CtWzFe@venus.com,pass
ZUepGq@venus.com,pass
ntnGgu@venus.com,pass
vxKmLI@venus.com,pass
wQnTBU@venus.com,pass
XaSwJh@venus.com,pass
HWcuAJ@venus.com,pass
pZXaQw@venus.com,pass
WMxPaZ@venus.com,pass
XGtrUX@venus.com,pass
qOLBgd@venus.com,pass
QscQFR@venus.com,pass
RnKyfH@venus.com,pass
ukRqwP@venus.com,pass
vPZFDF@venus.com,pass
kfVvll@venus.com,pass
VzLEFl@venus.com,pass
LeaGCA@venus.com,pass
GrvVsS@venus.com,pass
pGdDSi@venus.com,pass
TxToaI@venus.com,pass
XoJbYb@venus.com,pass
CxQTYr@venus.com,pass
nidGlQ@venus.com,pass
YmCtss@venus.com,pass
rFfQCK@venus.com,pass
NXelAz@venus.com,pass
lpRGNA@venus.com,pass
qyypCg@venus.com,pass
hqNNGW@venus.com,pass
bQJSqV@venus.com,pass
XDwsDb@venus.com,pass
ZKNlUJ@venus.com,pass
lbFIQK@venus.com,pass
rlUcZn@venus.com,pass
IIuqSn@venus.com,pass
zGbwHO@venus.com,pass
UvqeWn@venus.com,pass
sDSWKD@venus.com,pass
PQDjCX@venus.com,pass
TsYnYJ@venus.com,pass
YvzOPa@venus.com,pass
feVIqn@venus.com,pass
ZclZxl@venus.com,pass
nPBnot@venus.com,pass
AzhOiq@venus.com,pass
ZLIUMk@venus.com,pass
isCAnE@venus.com,pass
KWQNif@venus.com,pass
IrXoCo@venus.com,pass
Qyujkk@venus.com,pass
dEMvzP@venus.com,pass
pfPYmV@venus.com,pass
HvYtPe@venus.com,pass
DNkLjB@venus.com,pass
aGoLLn@venus.com,pass
ADMTQx@venus.com,pass
hdBASW@venus.com,pass
jisFPZ@venus.com,pass
MEuSfN@venus.com,pass
xvSWGS@venus.com,pass
gSLZPw@venus.com,pass
WVAJbV@venus.com,pass
kzyFsJFpAy@venus.com,pass
UGsqUmMxyL@venus.com,pass
RrsDxmWuTH@venus.com,pass
aELETXNJtR@venus.com,pass
KlcMtYqmGR@venus.com,pass
TXiVuROdBd@venus.com,pass
hjsiLEEWXO@venus.com,pass
uABYdJzhsg@venus.com,pass
ShqyASndej@venus.com,pass
jwbyRHyyWd@venus.com,pass
kdozekcrti@venus.com,pass
qqYCCEiWqS@venus.com,pass
HixztYtiQG@venus.com,pass
yfmACpYsrc@venus.com,pass
AOuiIZjJNX@venus.com,pass
HGwnqKzwcT@venus.com,pass
rYpjmZNPsM@venus.com,pass
uhXRfONrLE@venus.com,pass
ovVTYwIjip@venus.com,pass
pLjXJSEcui@venus.com,pass
HYmPSfjNQw@venus.com,pass
EWUKBTRwuA@venus.com,pass
GGqwqDmovE@venus.com,pass
Soiguuvmgp@venus.com,pass
cxZFmkpRHR@venus.com,pass
iLLbwHJvZM@venus.com,pass
zuYbnuxMbD@venus.com,pass
zCzLxIpROs@venus.com,pass
RNbQNdvSpp@venus.com,pass
POSuGfbpXZ@venus.com,pass
ujTSGWCQNO@venus.com,pass
bHgCJCndUh@venus.com,pass
iUVFMmCNTA@venus.com,pass
OGixRIqfhu@venus.com,pass
DffWTPCDlG@venus.com,pass
GuncyrSAlU@venus.com,pass
aMNIHmcKHR@venus.com,pass
iaQbNuViLa@venus.com,pass
TJcpOIznEl@venus.com,pass
fxaNbZgJNx@venus.com,pass
ycaajqzlGQ@venus.com,pass
GMjbqpCmvL@venus.com,pass
FrxeCOuzIb@venus.com,pass
FCXeCMbzZy@venus.com,pass
IKKhKxlTvX@venus.com,pass
DsotpdQlYi@venus.com,pass
RQOIkqwZjO@venus.com,pass
BUsaNYQixZ@venus.com,pass
MpgFxRSwwS@venus.com,pass
YhdwdjIYcW@venus.com,pass
xKustFVQEK@venus.com,pass
lQJkYtDBjs@venus.com,pass
LgoimPSbiR@venus.com,pass
KIfBPDayBR@venus.com,pass
bruUZuXDJw@venus.com,pass
UJBFhvJVnj@venus.com,pass
oiGXcymHQE@venus.com,pass
bwYfmUhvmX@venus.com,pass
uLcAtTAUsN@venus.com,pass
vlYojFtdMy@venus.com,pass
PCqKPTNGVp@venus.com,pass
tXGUYjWYGM@venus.com,pass
NGMehQQvrG@venus.com,pass
ibNrbPFWwI@venus.com,pass
XJXKbepEpT@venus.com,pass
kJSFFpeygx@venus.com,pass
ayCGQLdNpX@venus.com,pass
GMBaaZuJLJ@venus.com,pass
yWmBHylLWq@venus.com,pass
OwkqeFqFug@venus.com,pass
dUkpQwhVGi@venus.com,pass
WoBMrffPrE@venus.com,pass
pSTXXrymWU@venus.com,pass
ANdSvmHdhY@venus.com,pass
CfCPfBClOK@venus.com,pass
gfXOWAaBiY@venus.com,pass
dGDWcVWBDd@venus.com,pass
ZbEzGraFNx@venus.com,pass
ZkWXpIUVyU@venus.com,pass
WKXqCxZyYP@venus.com,pass
HLDwGWzJVI@venus.com,pass
gWKbdhbxnB@venus.com,pass
TmEyTTKvZs@venus.com,pass
NamJHjtiAu@venus.com,pass
ZOgomJumne@venus.com,pass
SYelBSbVnc@venus.com,pass
ciEOcdopWx@venus.com,pass
pVNUgdvHlj@venus.com,pass
JwyoHCfrJw@venus.com,pass
LTKJLDoGiF@venus.com,pass
dQPYuGSbwW@venus.com,pass
ZrsCalaunu@venus.com,pass
CHVesJBbHD@venus.com,pass
ovGDiSqjkO@venus.com,pass
GbJHwuNlXd@venus.com,pass
pedhWdNFpa@venus.com,pass
EHmgXVKiip@venus.com,pass
czuvoeBbsc@venus.com,pass
jgVzofVxRZ@venus.com,pass
anZWrdHDCq@venus.com,pass
ryuzPXvqzy@venus.com,pass
ecuxYqEvOL@venus.com,pass
XZJPKVsiKD@venus.com,pass
HCDCjqHhsg@venus.com,pass
WoyNrweYol@venus.com,pass
PgwJryPoRe@venus.com,pass
lfVfpAtZqJ@venus.com,pass
gEkkIlYMCK@venus.com,pass
rbcPpwzZxY@venus.com,pass
rgGHdTLzOe@venus.com,pass
yjIMogGzXc@venus.com,pass
WARKtkEPmX@venus.com,pass
ZtgoxvIBOw@venus.com,pass
CfoUdhSjeI@venus.com,pass
pGrZSQutAO@venus.com,pass
GfgKJfzSXe@venus.com,pass
gRfPUwpFoQ@venus.com,pass
pimxBrzFQb@venus.com,pass
NpxGobHfhH@venus.com,pass
SrnujKRjpB@venus.com,pass
ueVPeLVQgz@venus.com,pass
vklHsxfLVn@venus.com,pass
ZgLLleAQBx@venus.com,pass
YVNaUIYetv@venus.com,pass
TyUZQGSEwq@venus.com,pass
igZPGJHlOp@venus.com,pass
hodQvPFZAl@venus.com,pass
jdcsVCPbzE@venus.com,pass
PGODKjcIjd@venus.com,pass
uXuVbwqmHe@venus.com,pass
vSjHuQlRNd@venus.com,pass
WHmpsBQyJy@venus.com,pass
jhESlNYiBO@venus.com,pass
pXpgnjhREO@venus.com,pass
SvBjMcouYU@venus.com,pass
EjdjcJBfxg@venus.com,pass
GIsLFpKSSd@venus.com,pass
SMEQmjfMPj@venus.com,pass
YWVtQzKDKk@venus.com,pass
cxKtACBRjp@venus.com,pass
orshMGaAex@venus.com,pass
EFFDDwxavI@venus.com,pass
KULziMbeze@venus.com,pass
tLCFiOUZgS@venus.com,pass
gHrDnBNJla@venus.com,pass
PPJfOGnLJG@venus.com,pass
aPexfsPsHd@venus.com,pass
VKfjqCOvgy@venus.com,pass
ZmqXeCJezy@venus.com,pass
ybQEkkfhGY@venus.com,pass
TVRAjSJPpT@venus.com,pass
ICwbvPmoSz@venus.com,pass
yYoztMGlqN@venus.com,pass
LSGwphLLNi@venus.com,pass
HUHXmnBmKs@venus.com,pass
uqIJEwEnzt@venus.com,pass
DOcYemXAvN@venus.com,pass
IlcvzsIJoc@venus.com,pass
kwZhDkulXV@venus.com,pass
lPpzpBYbbZ@venus.com,pass
GxgtEKvtik@venus.com,pass
nojWdJjsHf@venus.com,pass
KiCLZzAGaZ@venus.com,pass
JKncBzpGlT@venus.com,pass
FZXflTJrzf@venus.com,pass
GsrjpWVlbm@venus.com,pass
gfjdeIZGha@venus.com,pass
XrqwlQFXnY@venus.com,pass
MbZmJXUIzR@venus.com,pass
zwvXWgaSJK@venus.com,pass
duDLgGWxmY@venus.com,pass
GyZqSUhHbQ@venus.com,pass
xburALNvNm@venus.com,pass
YqSTtNtcgR@venus.com,pass
tzkHASLEmK@venus.com,pass
OIYlvrXmpz@venus.com,pass
uWGxDpRMTz@venus.com,pass
IQlSvPVTUd@venus.com,pass
adVDfFBRah@venus.com,pass
tshPqDASEo@venus.com,pass
kaIbPbciQy@venus.com,pass
kHphCSEhPg@venus.com,pass
ZbGjdFxipP@venus.com,pass
KgpMOhiFix@venus.com,pass
kpcBVAUNfK@venus.com,pass
iIabmhvZsd@venus.com,pass
QwTgWyIfIf@venus.com,pass
zabkchCbDY@venus.com,pass
SMeUmLpNKe@venus.com,pass
wUcASjVQUz@venus.com,pass
RVJHzVTkwr@venus.com,pass
pNBoPKGeKL@venus.com,pass
GMLSJMoEZm@venus.com,pass
DVofbTRopW@venus.com,pass
NLWUeeZECS@venus.com,pass
oLDfLIuxIL@venus.com,pass
xVZjkCLRAK@venus.com,pass
ZEQjIuXtwW@venus.com,pass
jEeqBUynTK@venus.com,pass
XbVDslYafi@venus.com,pass
ReRvEUYfzk@venus.com,pass
KLxMGeVxbA@venus.com,pass
FKVqrsVNGu@venus.com,pass
WHguXzJaiS@venus.com,pass
CwMbARNYfG@venus.com,pass
jMAUFbwfpV@venus.com,pass
oXjJKmstsw@venus.com,pass
jpKgpdgzEt@venus.com,pass
RUablAhnBN@venus.com,pass
wvywVkLznQ@venus.com,pass
MohoSQmUhW@venus.com,pass
kZHpKplMwl@venus.com,pass
aYJhILXBSu@venus.com,pass
dOdDeROEcF@venus.com,pass
FCTNJVHuQs@venus.com,pass
aFbazKXCiZ@venus.com,pass
DeSfeIAyYe@venus.com,pass
NTLAFnrBaS@venus.com,pass
OWbqfxrmaO@venus.com,pass
qKraxrRwjS@venus.com,pass
fUkzDqWTjn@venus.com,pass
AmCNBaRYHe@venus.com,pass
RBWwdEZnFQ@venus.com,pass
fxOCbhFOon@venus.com,pass
KbHMwqZgdS@venus.com,pass
DlXBGMmzCm@venus.com,pass
gmQrjWvwZB@venus.com,pass
xHslgPAHMw@venus.com,pass
RRJmQQWaDU@venus.com,pass
DqSBpEVxGl@venus.com,pass
rZmxvvilPH@venus.com,pass
MilehudCwg@venus.com,pass
zFsByweRHM@venus.com,pass
GgUlFKETwC@venus.com,pass
jnqGwmeikj@venus.com,pass
CcOLDHbwfN@venus.com,pass
MDcUAYeiaz@venus.com,pass
JklTPEvMUv@venus.com,pass
CjYToSkLej@venus.com,pass
whQRDLaIfA@venus.com,pass
VfiGvHEOMB@venus.com,pass
WusCUyezEA@venus.com,pass
GFJXvFJbXf@venus.com,pass
gqsnCsinbR@venus.com,pass
PRzKSUkQkY@venus.com,pass
ewcptIYLSo@venus.com,pass
TdmAKQFQtw@venus.com,pass
YxEnbPkDoc@venus.com,pass
JIQRukGRkJ@venus.com,pass
OTbkvmEyok@venus.com,pass
vzNLcrpKnO@venus.com,pass
YkaoqISLHo@venus.com,pass
iMcFauyUlA@venus.com,pass
XhNWCobPeA@venus.com,pass
LCmvkGYfdx@venus.com,pass
kmFhzbymak@venus.com,pass
WsguYLdPjC@venus.com,pass
TdFqKyWyRt@venus.com,pass
MSEMhrubYF@venus.com,pass
KyyMbfuJAk@venus.com,pass
iCSennsqFJ@venus.com,pass
yGrBAMBzRf@venus.com,pass
fWvKxRSAmw@venus.com,pass
WEmWucQYRT@venus.com,pass
OJHVJFpetK@venus.com,pass
VYenpTFtOT@venus.com,pass
ggmIqOmnut@venus.com,pass
mravzJLGBE@venus.com,pass
jsEBnfEdDc@venus.com,pass
OXpGDDjlVf@venus.com,pass
JsBaXLUYQL@venus.com,pass
ljPeTGbhLB@venus.com,pass
kEgvwlLRVp@venus.com,pass
VkWAbpYyng@venus.com,pass
pVjRsGJEnA@venus.com,pass
BPHpuUKzbd@venus.com,pass
qaRZgjPrEe@venus.com,pass
qtIhjwnUsl@venus.com,pass
ggxlgUwsnn@venus.com,pass
leuVBCMroA@venus.com,pass
BLfhbMVCYl@venus.com,pass
rTCnCxRMTd@venus.com,pass
GemDnDvjfG@venus.com,pass
zCdvDzyOnu@venus.com,pass
QXtycyjtaM@venus.com,pass
LgigaIqbgg@venus.com,pass
JrSpVwKvWT@venus.com,pass
bONLhoWtFx@venus.com,pass
ZvoaMRdPlK@venus.com,pass
DSSlpCSeOD@venus.com,pass
TWYPNwClwm@venus.com,pass
OpEpaealCB@venus.com,pass
vWyMtmobJc@venus.com,pass
GWBNgGbEMt@venus.com,pass
crkHlTBzDr@venus.com,pass
TMZoOSlkjd@venus.com,pass
SZOFJKcLNg@venus.com,pass
wQlmMvvUlM@venus.com,pass
YRdiPvuJYi@venus.com,pass
DcJJoigfuM@venus.com,pass
LyuGYcnIoE@venus.com,pass
oAtFnpZjnd@venus.com,pass
dbAixHXYhX@venus.com,pass
xgFOcCzKoB@venus.com,pass
DUUaHlmlkt@venus.com,pass
hhkwMqkwLq@venus.com,pass
mMzpjIZboq@venus.com,pass
ePlmIeSflq@venus.com,pass
FwZYQnLhYL@venus.com,pass
FWefBLlSCh@venus.com,pass
qpAhGjYZOz@venus.com,pass
btiTdvfmUK@venus.com,pass
FBlbLmZGBv@venus.com,pass
VYsfpFiZtQ@venus.com,pass
xCEaBScths@venus.com,pass
tQrUrknxua@venus.com,pass
GQzxITndcJ@venus.com,pass
ZNGyElikdS@venus.com,pass
PjpaCxJfuw@venus.com,pass
tPvfKbFnKH@venus.com,pass
uQEwLbYSbD@venus.com,pass
GdyiUpYpwI@venus.com,pass
SvIhBIxYEh@venus.com,pass
SKOccoURvd@venus.com,pass
dqAFLeBunM@venus.com,pass
FgUXSacGuM@venus.com,pass
osBVAjRonz@venus.com,pass
TmguXbEdBe@venus.com,pass
fsnBBtImeg@venus.com,pass
KDFDwhyEkJ@venus.com,pass
hBPWqWFiVk@venus.com,pass
AqPxODceGY@venus.com,pass
UJQBTvMvEa@venus.com,pass
ugPWPxJSiC@venus.com,pass
ODrzYBPPOW@venus.com,pass
WvkAFdWGUu@venus.com,pass
vrwXMKHzOw@venus.com,pass
bKWbcheIXB@venus.com,pass
lboXpIQOCr@venus.com,pass
cIjZkGGCqs@venus.com,pass
KZVBaunVRj@venus.com,pass
JLHyvpoZdS@venus.com,pass
QPeZNRjfPW@venus.com,pass
BmPNhXtpcq@venus.com,pass
nXDZpvQrpo@venus.com,pass
EeFmAaAESO@venus.com,pass
kJMysLjUYJ@venus.com,pass
ZDPoAhmEqn@venus.com,pass
fvbReqjXiS@venus.com,pass
mpDXcZCFeG@venus.com,pass
ASjwIqoMeK@venus.com,pass
PNAhhHiwOe@venus.com,pass
djKoVKLyxA@venus.com,pass
CrEsoIZpph@venus.com,pass
CgVnPcmpUu@venus.com,pass
UtCERcGuEy@venus.com,pass
PqrOaaFgpy@venus.com,pass
yKfMMwiKIL@venus.com,pass
UEiXHmOuDU@venus.com,pass
IWYVeqvyat@venus.com,pass
qjuYWcrxfq@venus.com,pass
uiIkolZCcK@venus.com,pass
wEgCLwVDly@venus.com,pass
zWDiGMzlya@venus.com,pass
fasfalMwRJ@venus.com,pass
LMDVzdIhWi@venus.com,pass
CHptfKnKYv@venus.com,pass
LaHJUMsRvw@venus.com,pass
ljwUHSNqRt@venus.com,pass
FcPNzuMxjM@venus.com,pass
xfRCZDEbpJ@venus.com,pass
mGFqIlRDZd@venus.com,pass
KssiFwvFae@venus.com,pass
SBuLeOTOBx@venus.com,pass
KtyciGFAOR@venus.com,pass
dLwCWQrpEc@venus.com,pass
INuhfJCbNi@venus.com,pass
CLTCpgfoxU@venus.com,pass
UugUIjmpsf@venus.com,pass
XpUHkPLSMX@venus.com,pass
GxkEqdKRMz@venus.com,pass
HAJIBNeHey@venus.com,pass
iycpyqWCCH@venus.com,pass
QCWleWqJfa@venus.com,pass
nmydBFjDUp@venus.com,pass
yrCWBbzHiU@venus.com,pass
TRUbvnFZqT@venus.com,pass
IgoKvqDLEa@venus.com,pass
LdeqoKtUCW@venus.com,pass
jWEnzxcCjI@venus.com,pass
aXBIFvIEyJ@venus.com,pass
aVhAvQCvEv@venus.com,pass
NWQWPFZjFv@venus.com,pass
nGBwMMMOrT@venus.com,pass
PGeElwcoiw@venus.com,pass
VJzRMwbSyF@venus.com,pass
cJZRkfMSXk@venus.com,pass
rGPAPSjxWa@venus.com,pass
NAHXvpwtNG@venus.com,pass
VoGehJHdrd@venus.com,pass