username,password,id,secretname,secretdata,createddate
admin@venus.com,pass,1,1,1,01/01/1999
paulaguilar@venus.com,pass,2,2,2,01/01/1999
jonoliver@venus.com,pass,3,3,3,01/01/1999
claudinezhang@venus.com,pass,4,4,4,01/01/1999
lovelinkumar@venus.com,pass,5,5,5,01/01/1999
michelkouame@venus.com,pass,6,6,6,01/01/1999
angelinacosta@venus.com,pass,7,7,7,01/01/1999
brijeshgupta@venus.com,pass,8,8,8,01/01/1999
amyfofana@venus.com,pass,9,9,9,01/01/1999
testuser@venus.com,pass,10,10,10,01/01/1999
CczVsH@venus.com,pass,11,11,11,01/01/1999
taHbqH@venus.com,pass,12,12,12,01/01/1999
RKfCnW@venus.com,pass,13,13,13,01/01/1999
BAKyTt@venus.com,pass,14,14,14,01/01/1999
LqHwZl@venus.com,pass,15,15,15,01/01/1999
RdXrFh@venus.com,pass,16,16,16,01/01/1999
cNLaqh@venus.com,pass,17,17,17,01/01/1999
dTXgbH@venus.com,pass,18,18,18,01/01/1999
BuNihp@venus.com,pass,19,19,19,01/01/1999
BsxpAT@venus.com,pass,20,20,20,01/01/1999
uBqDfq@venus.com,pass,21,21,21,01/01/1999
rDtlkX@venus.com,pass,22,22,22,01/01/1999
tCYSiY@venus.com,pass,23,23,23,01/01/1999
CDaxNR@venus.com,pass,24,24,24,01/01/1999
FhMzbH@venus.com,pass,25,25,25,01/01/1999
nqjDJe@venus.com,pass,26,26,26,01/01/1999
fcUEfX@venus.com,pass,27,27,27,01/01/1999
KGtRGD@venus.com,pass,28,28,28,01/01/1999
AHvFHP@venus.com,pass,29,29,29,01/01/1999
POWkne@venus.com,pass,30,30,30,01/01/1999
rypAba@venus.com,pass,31,31,31,01/01/1999
tuRaYv@venus.com,pass,32,32,32,01/01/1999
OyLQkY@venus.com,pass,33,33,33,01/01/1999
glNUJz@venus.com,pass,34,34,34,01/01/1999
pUzdXk@venus.com,pass,35,35,35,01/01/1999
HikunH@venus.com,pass,36,36,36,01/01/1999
BqKiDW@venus.com,pass,37,37,37,01/01/1999
CtWzFe@venus.com,pass,38,38,38,01/01/1999
ZUepGq@venus.com,pass,39,39,39,01/01/1999
ntnGgu@venus.com,pass,40,40,40,01/01/1999
vxKmLI@venus.com,pass,41,41,41,01/01/1999
wQnTBU@venus.com,pass,42,42,42,01/01/1999
XaSwJh@venus.com,pass,43,43,43,01/01/1999
HWcuAJ@venus.com,pass,44,44,44,01/01/1999
pZXaQw@venus.com,pass,45,45,45,01/01/1999
WMxPaZ@venus.com,pass,46,46,46,01/01/1999
XGtrUX@venus.com,pass,47,47,47,01/01/1999
qOLBgd@venus.com,pass,48,48,48,01/01/1999
QscQFR@venus.com,pass,49,49,49,01/01/1999
RnKyfH@venus.com,pass,50,50,50,01/01/1999
ukRqwP@venus.com,pass,51,51,51,01/01/1999
vPZFDF@venus.com,pass,52,52,52,01/01/1999
kfVvll@venus.com,pass,53,53,53,01/01/1999
VzLEFl@venus.com,pass,54,54,54,01/01/1999
LeaGCA@venus.com,pass,55,55,55,01/01/1999
GrvVsS@venus.com,pass,56,56,56,01/01/1999
pGdDSi@venus.com,pass,57,57,57,01/01/1999
TxToaI@venus.com,pass,58,58,58,01/01/1999
XoJbYb@venus.com,pass,59,59,59,01/01/1999
CxQTYr@venus.com,pass,60,60,60,01/01/1999
nidGlQ@venus.com,pass,61,61,61,01/01/1999
YmCtss@venus.com,pass,62,62,62,01/01/1999
rFfQCK@venus.com,pass,63,63,63,01/01/1999
NXelAz@venus.com,pass,64,64,64,01/01/1999
lpRGNA@venus.com,pass,65,65,65,01/01/1999
qyypCg@venus.com,pass,66,66,66,01/01/1999
hqNNGW@venus.com,pass,67,67,67,01/01/1999
bQJSqV@venus.com,pass,68,68,68,01/01/1999
XDwsDb@venus.com,pass,69,69,69,01/01/1999
ZKNlUJ@venus.com,pass,70,70,70,01/01/1999
lbFIQK@venus.com,pass,71,71,71,01/01/1999
rlUcZn@venus.com,pass,72,72,72,01/01/1999
IIuqSn@venus.com,pass,73,73,73,01/01/1999
zGbwHO@venus.com,pass,74,74,74,01/01/1999
UvqeWn@venus.com,pass,75,75,75,01/01/1999
sDSWKD@venus.com,pass,76,76,76,01/01/1999
PQDjCX@venus.com,pass,77,77,77,01/01/1999
TsYnYJ@venus.com,pass,78,78,78,01/01/1999
YvzOPa@venus.com,pass,79,79,79,01/01/1999
feVIqn@venus.com,pass,80,80,80,01/01/1999
ZclZxl@venus.com,pass,81,81,81,01/01/1999
nPBnot@venus.com,pass,82,82,82,01/01/1999
AzhOiq@venus.com,pass,83,83,83,01/01/1999
ZLIUMk@venus.com,pass,84,84,84,01/01/1999
isCAnE@venus.com,pass,85,85,85,01/01/1999
KWQNif@venus.com,pass,86,86,86,01/01/1999
IrXoCo@venus.com,pass,87,87,87,01/01/1999
Qyujkk@venus.com,pass,88,88,88,01/01/1999
dEMvzP@venus.com,pass,89,89,89,01/01/1999
pfPYmV@venus.com,pass,90,90,90,01/01/1999
HvYtPe@venus.com,pass,91,91,91,01/01/1999
DNkLjB@venus.com,pass,92,92,92,01/01/1999
aGoLLn@venus.com,pass,93,93,93,01/01/1999
ADMTQx@venus.com,pass,94,94,94,01/01/1999
hdBASW@venus.com,pass,95,95,95,01/01/1999
jisFPZ@venus.com,pass,96,96,96,01/01/1999
MEuSfN@venus.com,pass,97,97,97,01/01/1999
xvSWGS@venus.com,pass,98,98,98,01/01/1999
gSLZPw@venus.com,pass,99,99,99,01/01/1999
WVAJbV@venus.com,pass,100,100,100,01/01/1999
kzyFsJFpAy@venus.com,pass,101,101,101,01/01/1999
UGsqUmMxyL@venus.com,pass,102,102,102,01/01/1999
RrsDxmWuTH@venus.com,pass,103,103,103,01/01/1999
aELETXNJtR@venus.com,pass,104,104,104,01/01/1999
KlcMtYqmGR@venus.com,pass,105,105,105,01/01/1999
TXiVuROdBd@venus.com,pass,106,106,106,01/01/1999
hjsiLEEWXO@venus.com,pass,107,107,107,01/01/1999
uABYdJzhsg@venus.com,pass,108,108,108,01/01/1999
ShqyASndej@venus.com,pass,109,109,109,01/01/1999
jwbyRHyyWd@venus.com,pass,110,110,110,01/01/1999
kdozekcrti@venus.com,pass,111,111,111,01/01/1999
qqYCCEiWqS@venus.com,pass,112,112,112,01/01/1999
HixztYtiQG@venus.com,pass,113,113,113,01/01/1999
yfmACpYsrc@venus.com,pass,114,114,114,01/01/1999
AOuiIZjJNX@venus.com,pass,115,115,115,01/01/1999
HGwnqKzwcT@venus.com,pass,116,116,116,01/01/1999
rYpjmZNPsM@venus.com,pass,117,117,117,01/01/1999
uhXRfONrLE@venus.com,pass,118,118,118,01/01/1999
ovVTYwIjip@venus.com,pass,119,119,119,01/01/1999
pLjXJSEcui@venus.com,pass,120,120,120,01/01/1999
HYmPSfjNQw@venus.com,pass,121,121,121,01/01/1999
EWUKBTRwuA@venus.com,pass,122,122,122,01/01/1999
GGqwqDmovE@venus.com,pass,123,123,123,01/01/1999
Soiguuvmgp@venus.com,pass,124,124,124,01/01/1999
cxZFmkpRHR@venus.com,pass,125,125,125,01/01/1999
iLLbwHJvZM@venus.com,pass,126,126,126,01/01/1999
zuYbnuxMbD@venus.com,pass,127,127,127,01/01/1999
zCzLxIpROs@venus.com,pass,128,128,128,01/01/1999
RNbQNdvSpp@venus.com,pass,129,129,129,01/01/1999
POSuGfbpXZ@venus.com,pass,130,130,130,01/01/1999
ujTSGWCQNO@venus.com,pass,131,131,131,01/01/1999
bHgCJCndUh@venus.com,pass,132,132,132,01/01/1999
iUVFMmCNTA@venus.com,pass,133,133,133,01/01/1999
OGixRIqfhu@venus.com,pass,134,134,134,01/01/1999
DffWTPCDlG@venus.com,pass,135,135,135,01/01/1999
GuncyrSAlU@venus.com,pass,136,136,136,01/01/1999
aMNIHmcKHR@venus.com,pass,137,137,137,01/01/1999
iaQbNuViLa@venus.com,pass,138,138,138,01/01/1999
TJcpOIznEl@venus.com,pass,139,139,139,01/01/1999
fxaNbZgJNx@venus.com,pass,140,140,140,01/01/1999
ycaajqzlGQ@venus.com,pass,141,141,141,01/01/1999
GMjbqpCmvL@venus.com,pass,142,142,142,01/01/1999
FrxeCOuzIb@venus.com,pass,143,143,143,01/01/1999
FCXeCMbzZy@venus.com,pass,144,144,144,01/01/1999
IKKhKxlTvX@venus.com,pass,145,145,145,01/01/1999
DsotpdQlYi@venus.com,pass,146,146,146,01/01/1999
RQOIkqwZjO@venus.com,pass,147,147,147,01/01/1999
BUsaNYQixZ@venus.com,pass,148,148,148,01/01/1999
MpgFxRSwwS@venus.com,pass,149,149,149,01/01/1999
YhdwdjIYcW@venus.com,pass,150,150,150,01/01/1999
xKustFVQEK@venus.com,pass,151,151,151,01/01/1999
lQJkYtDBjs@venus.com,pass,152,152,152,01/01/1999
LgoimPSbiR@venus.com,pass,153,153,153,01/01/1999
KIfBPDayBR@venus.com,pass,154,154,154,01/01/1999
bruUZuXDJw@venus.com,pass,155,155,155,01/01/1999
UJBFhvJVnj@venus.com,pass,156,156,156,01/01/1999
oiGXcymHQE@venus.com,pass,157,157,157,01/01/1999
bwYfmUhvmX@venus.com,pass,158,158,158,01/01/1999
uLcAtTAUsN@venus.com,pass,159,159,159,01/01/1999
vlYojFtdMy@venus.com,pass,160,160,160,01/01/1999
PCqKPTNGVp@venus.com,pass,161,161,161,01/01/1999
tXGUYjWYGM@venus.com,pass,162,162,162,01/01/1999
NGMehQQvrG@venus.com,pass,163,163,163,01/01/1999
ibNrbPFWwI@venus.com,pass,164,164,164,01/01/1999
XJXKbepEpT@venus.com,pass,165,165,165,01/01/1999
kJSFFpeygx@venus.com,pass,166,166,166,01/01/1999
ayCGQLdNpX@venus.com,pass,167,167,167,01/01/1999
GMBaaZuJLJ@venus.com,pass,168,168,168,01/01/1999
yWmBHylLWq@venus.com,pass,169,169,169,01/01/1999
OwkqeFqFug@venus.com,pass,170,170,170,01/01/1999
dUkpQwhVGi@venus.com,pass,171,171,171,01/01/1999
WoBMrffPrE@venus.com,pass,172,172,172,01/01/1999
pSTXXrymWU@venus.com,pass,173,173,173,01/01/1999
ANdSvmHdhY@venus.com,pass,174,174,174,01/01/1999
CfCPfBClOK@venus.com,pass,175,175,175,01/01/1999
gfXOWAaBiY@venus.com,pass,176,176,176,01/01/1999
dGDWcVWBDd@venus.com,pass,177,177,177,01/01/1999
ZbEzGraFNx@venus.com,pass,178,178,178,01/01/1999
ZkWXpIUVyU@venus.com,pass,179,179,179,01/01/1999
WKXqCxZyYP@venus.com,pass,180,180,180,01/01/1999
HLDwGWzJVI@venus.com,pass,181,181,181,01/01/1999
gWKbdhbxnB@venus.com,pass,182,182,182,01/01/1999
TmEyTTKvZs@venus.com,pass,183,183,183,01/01/1999
NamJHjtiAu@venus.com,pass,184,184,184,01/01/1999
ZOgomJumne@venus.com,pass,185,185,185,01/01/1999
SYelBSbVnc@venus.com,pass,186,186,186,01/01/1999
ciEOcdopWx@venus.com,pass,187,187,187,01/01/1999
pVNUgdvHlj@venus.com,pass,188,188,188,01/01/1999
JwyoHCfrJw@venus.com,pass,189,189,189,01/01/1999
LTKJLDoGiF@venus.com,pass,190,190,190,01/01/1999
dQPYuGSbwW@venus.com,pass,191,191,191,01/01/1999
ZrsCalaunu@venus.com,pass,192,192,192,01/01/1999
CHVesJBbHD@venus.com,pass,193,193,193,01/01/1999
ovGDiSqjkO@venus.com,pass,194,194,194,01/01/1999
GbJHwuNlXd@venus.com,pass,195,195,195,01/01/1999
pedhWdNFpa@venus.com,pass,196,196,196,01/01/1999
EHmgXVKiip@venus.com,pass,197,197,197,01/01/1999
czuvoeBbsc@venus.com,pass,198,198,198,01/01/1999
jgVzofVxRZ@venus.com,pass,199,199,199,01/01/1999
anZWrdHDCq@venus.com,pass,200,200,200,01/01/1999